status,credit_history,purpose,savings,employment_duration,installment_rate,personal_status_sex,other_debtors,present_residence,property,other_installment_plans,housing,number_credits,job,people_liable,telephone,foreign_worker,duration,amount,age,credit_risk
1,0,10,1,4,2,4,0,3,0,2,2,1,2,0,1,0,60,6836,63,0
3,1,7,1,1,1,0,0,0,1,2,1,0,2,0,0,0,21,2319,33,0
0,3,2,3,2,1,4,0,3,2,2,1,0,2,0,0,0,6,1236,50,1
0,2,1,0,2,0,1,0,3,2,0,2,1,2,0,1,0,21,5003,29,0
0,3,4,0,2,3,1,0,1,1,2,2,0,2,0,0,0,12,886,21,1
1,3,1,1,3,3,1,0,3,1,2,1,1,2,0,0,0,24,1442,23,0
0,3,3,3,2,0,4,0,1,1,2,2,0,2,0,1,0,6,2978,32,1
1,3,3,2,0,0,0,0,0,2,2,2,0,2,0,0,0,24,2359,33,0
1,3,3,0,2,1,2,0,3,1,2,2,0,2,0,0,0,24,2996,20,0
0,1,3,1,1,2,0,0,1,1,2,2,1,3,0,1,0,18,3780,35,1
0,3,6,0,4,3,4,0,3,2,2,2,3,2,1,1,0,27,5190,48,1
2,3,4,1,1,3,1,0,0,0,2,2,0,3,0,1,0,36,4795,30,1
1,4,1,1,1,3,4,0,1,1,0,2,1,2,0,1,0,12,697,46,0
0,2,10,1,2,1,4,0,1,1,1,2,1,2,1,0,0,18,4165,36,0
1,3,1,1,0,0,4,0,3,0,2,0,0,2,0,0,0,14,3973,22,1
0,1,7,2,2,3,1,0,1,3,2,2,1,2,0,0,0,18,1864,30,0
3,1,7,1,2,1,1,0,3,2,2,2,0,1,0,0,0,6,1047,50,1
0,3,4,1,0,2,1,1,3,3,2,1,0,2,0,0,0,18,433,22,0
2,3,7,0,2,1,2,0,1,1,2,2,0,2,0,0,0,36,3711,27,1
2,3,4,1,4,3,1,0,3,3,2,2,0,2,0,0,0,9,1206,25,1
0,3,3,4,2,3,0,0,1,3,2,2,0,2,0,0,0,6,1543,33,1
0,1,1,1,3,0,1,0,0,3,2,2,0,2,1,0,0,4,3380,37,1
3,3,4,3,2,2,1,0,2,1,2,2,0,1,0,0,0,24,1258,57,1
0,3,4,2,2,3,1,1,1,3,2,2,0,2,0,0,0,12,2073,28,1
1,3,4,1,1,3,1,0,3,2,2,1,0,3,0,1,0,21,2606,28,1
0,1,7,1,3,1,4,0,2,3,2,2,0,1,1,0,0,12,2096,49,1
0,1,1,1,4,3,4,0,3,3,2,2,1,1,0,0,0,12,1255,61,1
0,3,5,1,1,0,1,0,3,3,2,1,0,2,0,1,0,9,1236,23,1
0,3,4,1,4,3,4,0,0,3,2,2,0,3,0,1,0,24,1278,36,1
1,3,1,0,0,3,1,0,2,2,2,2,0,3,0,1,0,6,1374,75,1
3,3,1,1,1,0,4,2,0,2,2,2,0,1,1,0,0,10,3949,37,1
0,3,1,0,4,3,4,0,2,1,2,2,0,2,0,1,0,12,2390,50,1
2,3,1,1,1,3,4,0,0,2,2,2,0,2,0,0,0,24,1201,26,1
0,1,3,1,3,1,1,1,2,1,0,2,1,2,0,0,0,15,2788,24,1
0,1,10,0,4,3,4,0,3,0,2,1,0,1,0,0,0,12,1264,57,1
1,3,3,1,2,1,4,0,1,1,1,2,0,2,0,0,0,24,4020,27,1
0,3,1,3,4,1,4,0,3,0,2,0,0,1,0,0,0,9,2507,51,1
0,3,4,3,4,2,4,0,1,1,0,2,1,2,0,1,0,24,2397,35,0
2,3,10,1,2,3,4,0,1,1,2,2,0,2,1,1,0,27,3915,36,0
0,1,2,2,2,1,1,0,3,1,0,1,1,1,0,0,0,48,11590,24,0
1,3,3,1,3,1,4,2,3,2,2,0,0,2,1,0,0,42,7882,45,1
0,1,1,1,4,3,4,0,0,3,2,2,1,1,1,0,0,12,1495,38,1
0,3,1,0,1,3,4,0,0,2,2,2,0,2,0,0,0,24,2255,54,1
2,3,1,0,1,3,4,0,1,3,2,2,0,0,0,0,0,9,1549,35,1
0,3,2,0,3,1,1,0,3,2,1,1,0,1,0,0,0,30,4811,24,1
2,3,10,3,4,0,2,0,1,3,2,2,0,2,0,1,0,14,1410,35,1
0,3,10,1,3,0,4,0,3,3,2,2,0,1,0,0,0,5,3448,74,1
2,0,4,1,3,1,4,0,3,2,2,2,0,2,0,0,0,11,4771,51,1
1,3,4,1,4,2,4,0,3,3,2,2,0,1,0,0,0,10,2315,52,1
1,3,2,1,3,3,4,0,2,2,2,2,0,2,1,0,0,48,4788,26,1
0,3,10,2,2,2,1,0,3,2,2,1,0,1,0,0,0,18,1568,24,1
0,4,4,2,4,3,4,0,3,1,0,2,0,1,1,0,0,15,1569,34,1
1,1,7,1,2,3,4,0,2,0,0,2,0,2,0,1,0,40,5998,27,0
0,1,4,0,2,3,4,0,2,2,2,2,1,2,0,1,0,18,1169,29,1
2,3,1,1,4,0,0,0,0,3,2,1,1,2,0,0,0,12,1223,46,0
1,3,3,4,2,3,4,0,1,1,2,2,0,2,0,0,0,18,2659,28,1
0,1,4,0,4,3,4,0,3,0,2,0,1,2,0,0,0,6,700,36,1
0,3,2,2,2,0,4,1,1,3,2,2,0,2,1,0,0,10,2848,32,1
1,3,4,1,1,2,1,0,3,2,2,1,0,2,0,0,0,9,1366,22,0
0,3,7,0,2,1,4,0,3,0,2,0,0,1,1,1,0,36,9055,35,1
1,3,4,1,2,1,4,0,3,3,2,1,0,1,1,0,0,24,1987,21,0
1,3,2,1,2,2,4,2,3,0,0,2,0,2,1,1,0,24,2924,63,1
2,3,10,2,2,3,4,0,3,1,2,2,0,2,0,0,0,18,2622,34,1
0,1,10,0,4,3,4,0,3,3,2,2,1,2,0,0,0,36,6304,36,1
0,0,4,1,2,3,4,0,1,1,2,2,1,3,0,1,0,36,4463,26,0
0,3,10,0,4,2,4,0,1,2,2,2,1,2,0,0,0,36,7409,37,1
0,0,1,0,4,3,2,0,3,1,2,2,1,2,0,1,0,24,717,54,1
1,3,3,0,3,3,4,0,3,1,2,2,0,2,0,1,0,20,2212,39,1
1,4,3,1,2,3,4,0,2,1,0,2,0,2,0,0,0,18,1553,44,0
2,3,2,1,0,2,1,0,3,0,2,0,0,3,0,1,0,18,12976,38,0
0,1,4,1,4,1,4,0,1,0,2,2,1,2,0,0,0,12,1934,26,1
1,1,3,3,2,0,1,0,3,1,2,2,1,2,0,0,0,33,4281,23,0
1,1,1,1,4,1,4,2,3,2,0,1,0,2,0,1,0,16,2625,43,0
1,1,1,4,3,2,1,0,3,3,2,2,1,1,0,1,0,6,666,39,1
0,3,2,2,3,2,1,0,3,1,2,2,0,2,0,0,0,24,3488,23,1
2,1,1,1,0,3,2,0,1,1,2,2,1,3,0,0,0,30,5234,28,0
0,1,4,1,2,0,1,0,0,1,2,2,1,2,0,1,0,6,1382,28,1
0,3,3,1,2,3,1,0,1,1,2,2,0,3,0,1,0,36,3349,28,0
0,3,4,3,4,3,4,0,2,2,1,2,0,2,0,1,0,15,1213,47,1
2,3,1,2,1,3,1,0,1,2,0,2,0,1,0,0,0,12,836,23,0
1,3,3,1,2,3,4,2,0,2,2,2,0,1,0,0,0,12,1289,21,1
0,1,3,1,1,1,1,0,3,2,2,1,1,1,0,0,0,12,1258,22,1
1,3,4,1,4,0,4,2,2,2,2,2,0,2,1,0,0,30,2522,39,1
0,3,10,1,2,1,2,0,1,3,2,2,0,2,0,1,1,12,1076,26,1
0,3,4,0,4,1,1,0,3,3,2,2,0,1,0,1,0,36,3835,45,1
0,3,4,1,2,3,4,0,1,0,2,0,0,3,0,1,0,18,1505,32,1
1,3,3,1,3,3,1,0,3,3,2,1,0,2,0,0,0,30,2406,23,0
2,0,6,4,2,2,2,0,2,2,1,2,1,2,0,0,0,15,1512,61,0
1,3,3,1,4,3,4,0,3,0,2,0,0,3,0,1,0,12,7865,53,0
2,1,10,1,0,2,2,0,2,1,2,2,2,0,1,1,0,18,3590,40,1
1,4,3,3,1,3,4,0,3,0,2,0,0,2,1,1,0,24,3349,30,0
1,3,2,0,4,0,4,0,3,2,2,0,0,2,1,1,0,18,7511,51,0
1,3,2,1,4,1,4,0,3,0,2,0,0,2,1,0,0,36,5493,42,1
0,3,10,1,3,3,4,0,0,1,1,2,1,2,0,1,0,18,1950,34,1
3,0,1,1,2,1,1,0,1,1,1,2,1,2,0,1,0,12,2247,36,1
0,0,10,1,2,1,1,0,1,1,2,2,1,2,0,1,0,33,2764,26,1
2,0,4,2,1,3,4,0,2,0,1,2,1,3,0,0,0,30,1919,30,0
0,3,3,1,4,0,4,0,3,1,2,2,0,2,0,0,0,9,1313,20,1
2,3,2,1,2,1,4,0,1,1,2,1,0,3,0,1,0,36,6948,35,1
1,3,3,1,2,1,1,0,3,1,2,1,0,2,0,0,0,12,1282,20,0
0,0,1,1,4,3,4,0,3,0,2,0,1,2,0,1,0,24,2032,60,1
0,3,1,1,4,3,4,0,3,1,2,2,0,3,0,1,0,12,1884,39,1
1,3,3,4,4,3,1,0,3,2,2,1,1,2,0,1,0,30,3622,57,1
2,1,1,1,3,1,4,0,2,3,2,2,1,1,1,0,0,12,958,47,1
0,1,2,4,4,3,4,0,1,1,2,2,1,3,0,1,0,36,5711,38,1
0,3,4,2,4,1,4,0,3,1,2,2,1,2,0,0,0,24,3621,31,0
1,2,3,1,4,2,4,0,3,0,0,1,1,2,1,0,0,24,4110,23,0
2,3,4,1,3,1,1,0,0,3,2,2,0,2,0,0,0,12,2930,27,1
1,3,4,1,2,3,1,0,0,1,0,2,0,2,0,0,0,12,1498,23,1
0,1,4,4,4,1,4,0,1,1,2,2,0,2,0,0,0,24,2578,34,1
1,4,0,0,4,3,4,0,2,1,1,2,0,3,0,1,0,24,1358,40,0
2,3,7,1,3,2,4,0,0,1,2,2,1,2,1,0,0,36,2273,32,1
2,1,1,1,1,0,4,0,2,3,0,2,1,1,1,0,0,12,3124,49,1
2,2,3,1,1,3,1,0,2,2,2,1,1,2,0,0,0,12,2969,25,0
3,3,3,0,4,2,1,0,3,3,2,2,0,3,0,1,0,12,1424,55,1
0,3,2,1,4,3,4,0,3,1,2,2,0,3,0,1,0,24,2670,35,1
0,3,4,1,3,3,4,0,1,1,2,2,0,2,0,0,0,9,1478,22,0
0,1,2,0,0,1,4,0,3,0,2,2,0,3,0,1,0,18,3229,38,1
2,4,10,1,4,3,1,0,2,0,2,1,0,2,0,0,0,48,6416,59,0
1,2,10,1,0,1,4,0,3,2,1,2,1,2,0,1,0,27,5293,50,0
2,3,3,1,1,1,2,0,0,2,2,2,0,2,0,0,0,30,3832,22,1
1,1,3,1,2,2,4,2,1,2,2,2,1,2,0,0,0,36,5371,28,1
3,1,1,0,3,3,4,0,1,3,0,2,1,1,1,0,0,24,1344,37,0
0,1,3,3,2,3,4,0,3,3,2,2,1,2,0,1,0,42,4042,36,1
1,3,4,1,3,3,1,2,0,3,2,2,0,2,0,0,0,18,3509,25,1
3,1,2,3,2,1,4,0,1,1,2,2,0,2,0,1,0,15,2360,36,1
2,3,4,3,1,0,2,0,2,3,2,1,0,2,0,0,0,18,3213,25,1
2,0,1,1,0,3,4,0,3,2,2,2,0,3,0,1,0,6,1209,47,0
1,4,7,1,4,3,1,0,3,0,2,0,0,2,0,0,0,6,1198,35,0
0,3,3,1,2,3,4,0,3,0,0,0,1,2,0,0,0,18,1984,47,1
2,0,10,2,4,3,4,0,1,2,1,2,1,2,0,0,0,30,2503,41,1
0,3,3,2,2,3,4,0,0,1,1,2,0,2,0,0,0,24,5511,25,1
1,3,1,1,2,3,1,0,1,3,2,2,0,1,0,0,0,12,1228,24,0
0,3,7,0,4,0,4,0,3,3,2,2,0,1,0,0,0,9,3832,64,1
1,1,4,0,4,3,4,0,3,3,2,2,1,2,0,1,0,6,1169,67,1
1,3,3,1,2,1,4,2,2,2,2,2,0,1,1,0,0,12,708,38,1
2,3,1,2,3,2,4,0,1,2,2,2,0,2,0,0,0,48,6560,24,0
0,3,4,1,3,2,4,0,0,1,0,2,0,2,1,0,0,24,1552,32,1
1,1,10,2,3,3,4,0,0,3,2,2,1,2,0,1,0,24,1382,26,1
0,0,2,1,2,3,2,0,3,3,2,1,0,2,0,0,0,12,1503,41,1
3,3,4,1,3,3,4,0,1,1,0,2,0,2,0,0,0,24,5152,25,1
2,0,1,0,4,3,4,0,3,1,2,2,0,2,1,0,0,18,2899,43,1
2,0,3,1,0,2,1,0,1,2,2,2,0,3,0,1,0,24,2064,34,0
1,1,1,1,2,3,4,0,1,2,2,2,1,2,0,0,0,12,2121,30,1
0,1,3,1,0,1,4,0,2,1,2,2,0,3,0,0,0,9,2406,31,1
0,3,1,4,3,1,1,0,2,1,2,1,0,2,0,0,0,15,3186,20,1
1,3,4,1,3,0,2,2,0,3,2,2,1,2,0,1,0,48,6999,34,0
0,3,4,0,2,3,2,0,1,3,2,1,0,2,0,1,0,15,1386,40,1
0,1,4,1,4,3,4,0,3,3,2,2,0,2,0,0,0,12,618,56,1
0,1,2,0,2,1,4,0,3,2,2,2,1,3,1,1,0,24,6842,46,1
2,0,10,1,2,1,0,0,1,3,1,2,1,3,0,1,0,36,4455,30,0
1,3,6,1,1,0,0,0,0,0,2,2,0,1,0,1,0,30,11998,34,0
0,0,2,0,3,2,4,0,1,1,1,2,0,3,1,1,0,36,8947,31,1
0,3,4,0,2,3,1,0,3,1,2,2,0,2,0,0,0,36,2394,25,1
2,3,2,1,1,0,2,0,3,1,2,1,0,3,0,1,0,36,9398,28,0
1,0,7,1,2,3,4,0,2,2,1,2,0,2,0,1,0,36,6887,29,0
0,3,1,1,0,0,1,0,3,3,2,2,0,0,0,1,0,6,672,54,1
2,3,3,0,4,0,1,0,1,2,0,2,0,2,0,1,0,12,2762,25,0
0,1,3,0,4,1,4,0,3,2,2,1,0,2,0,1,0,12,5801,49,1
0,1,3,1,1,3,1,0,3,2,2,2,0,2,0,1,0,21,2288,23,1
0,0,3,2,3,3,4,0,2,3,2,2,1,3,0,0,0,21,1591,34,1
2,1,1,1,4,2,4,2,2,3,0,2,1,2,0,0,0,18,1056,30,0
0,1,4,0,4,3,1,0,1,3,2,2,1,2,0,1,0,12,1240,38,1
0,1,2,0,2,3,4,0,1,1,2,2,0,3,0,1,0,36,11054,30,1
0,3,1,3,4,3,4,0,3,2,2,2,0,2,0,0,0,36,909,36,1
2,3,4,1,2,2,4,2,1,3,2,2,0,2,0,0,0,7,2415,34,1
0,1,4,2,4,3,4,0,3,2,0,2,1,2,0,0,0,24,2223,52,1
0,3,4,1,3,1,2,0,1,3,2,1,0,2,0,0,0,6,2108,29,1
2,1,10,3,2,1,4,0,3,1,0,2,0,2,0,0,0,15,2326,27,1
0,1,4,1,2,3,4,0,3,0,2,0,1,2,0,1,0,15,1471,35,1
2,1,10,1,4,3,0,0,3,3,2,2,1,2,0,1,0,24,1935,31,0
0,3,1,3,4,0,1,0,3,0,2,0,0,2,0,0,0,15,5324,35,1
3,3,1,4,1,1,2,0,1,3,2,2,0,0,0,0,1,6,709,27,1
2,3,4,1,2,3,4,2,1,3,2,2,0,2,0,0,1,8,1414,33,1
0,3,3,3,4,2,4,0,3,2,2,2,0,2,0,0,0,24,2835,53,1
1,1,10,1,1,2,4,0,0,2,0,2,1,1,0,0,0,13,1797,28,1
2,3,10,2,3,2,4,0,3,3,2,2,0,1,0,0,0,12,1037,39,1
2,1,10,1,3,1,1,0,0,3,0,2,1,1,0,0,0,42,5954,41,1
0,0,4,1,2,3,1,0,3,3,2,2,1,2,0,0,0,36,4454,34,1
1,3,5,1,2,2,4,0,3,1,2,2,0,2,0,0,0,48,3051,54,0
0,1,4,1,2,3,1,0,1,2,2,2,1,2,0,0,0,12,1291,35,1
2,4,10,2,3,3,4,0,1,1,2,2,0,2,0,0,0,48,3566,30,1
0,1,3,0,2,0,2,0,1,2,2,2,1,2,0,0,0,6,1221,27,1
0,1,4,1,3,1,4,0,0,3,2,2,2,1,1,0,0,4,1544,42,1
2,3,4,1,1,3,2,2,0,3,0,2,0,1,0,0,0,12,625,26,1
2,3,1,1,3,2,4,0,3,2,2,1,0,2,1,1,0,12,2002,30,1
1,3,1,1,1,3,1,0,0,2,2,2,0,2,0,0,0,24,3123,27,0
0,3,3,1,1,1,4,0,2,2,0,2,1,1,0,0,0,15,2708,27,1
0,1,7,0,1,1,4,0,0,2,2,2,1,1,1,0,0,12,3565,37,1
3,1,1,3,0,1,4,0,3,0,0,0,2,0,0,0,0,12,1480,66,1
0,1,4,1,2,3,4,0,1,2,2,2,1,2,0,0,0,15,1360,31,1
2,3,4,3,2,2,0,0,0,1,2,2,0,2,0,1,0,12,1158,26,1
2,3,4,1,3,3,4,2,2,3,2,2,1,2,0,0,1,12,1103,29,1
1,3,3,0,1,0,1,0,1,2,2,2,0,2,0,1,1,24,7721,30,1
1,3,5,1,2,3,2,0,2,3,2,2,0,1,0,1,0,18,1217,47,0
2,3,4,0,0,1,4,0,0,0,2,2,0,3,0,1,0,12,6468,52,0
2,3,4,1,1,0,2,0,0,2,2,2,0,2,0,1,0,24,2039,22,0
2,0,0,1,2,1,4,0,2,1,0,2,1,2,0,1,0,20,2629,29,1
3,1,4,0,2,2,4,0,3,0,2,0,1,2,0,1,0,15,1271,39,0
0,3,4,1,4,3,4,0,3,1,2,2,0,2,0,0,0,12,804,38,1
0,1,3,0,2,1,2,0,0,1,2,2,1,2,0,0,1,10,2069,26,1
0,0,4,0,4,2,4,0,2,1,0,2,1,2,1,0,0,48,7238,32,1
3,3,3,1,1,0,1,0,0,2,1,2,0,1,0,0,0,18,3049,45,1
2,3,1,2,2,1,1,0,3,1,2,1,1,2,0,1,0,15,2631,28,0
2,3,3,2,2,1,1,1,3,1,2,1,0,2,0,0,0,30,3441,21,0
0,3,4,1,3,3,4,0,1,1,2,2,0,2,0,1,0,24,2284,28,1
1,1,3,1,1,3,1,0,3,2,2,1,0,2,0,0,0,18,1049,21,1
1,3,3,1,2,3,4,0,3,2,2,2,0,2,0,0,0,24,4169,28,1
2,0,2,1,4,0,4,0,1,1,2,2,1,3,0,1,0,27,5965,30,1
2,4,1,2,0,0,4,0,1,2,2,2,0,3,1,1,0,15,6850,34,0
1,1,1,1,1,1,4,0,3,3,2,2,0,1,1,0,1,6,1361,40,1
0,1,3,1,2,3,1,0,1,0,2,2,1,2,0,0,0,18,1817,28,1
0,1,1,4,4,3,4,0,3,3,2,2,0,2,0,1,0,24,1940,60,1
0,1,1,1,4,2,4,0,3,3,2,2,1,1,1,0,1,10,1231,32,1
0,1,4,1,3,0,1,0,1,1,2,1,1,2,0,1,0,6,1554,24,1
0,1,4,3,4,3,4,0,2,2,0,2,1,3,0,1,0,18,629,32,1
0,0,4,1,2,3,2,0,2,3,0,2,1,2,0,0,0,15,1478,33,1
1,2,10,1,4,1,4,0,3,1,2,1,1,2,0,0,0,45,11816,29,0
1,3,1,2,4,2,4,0,1,2,2,2,0,2,0,1,0,6,1203,43,1
2,3,4,1,2,1,4,2,1,3,2,2,0,2,0,0,0,7,2576,35,1
2,3,2,1,4,3,1,0,1,0,2,0,0,3,0,1,0,24,12579,44,0
0,1,2,0,4,0,4,0,3,1,2,2,1,2,0,0,0,30,7596,63,1
0,0,3,4,3,2,1,0,1,2,2,2,1,2,0,0,0,15,960,30,1
2,3,4,0,3,3,4,0,0,1,2,2,1,2,1,1,0,48,3979,41,1
0,1,6,1,2,3,0,0,1,3,2,2,1,2,0,1,0,24,2058,33,1
1,3,3,1,1,0,1,0,3,1,2,1,0,2,0,0,0,18,3650,22,1
1,3,0,1,4,3,1,2,3,3,2,2,0,1,0,1,0,24,1755,58,1
2,1,4,0,4,3,4,2,3,3,2,2,1,2,0,1,0,15,1537,50,1
0,3,4,1,1,3,1,0,2,1,2,2,0,2,1,0,0,12,1493,34,1
2,4,1,0,0,3,4,1,3,0,2,0,0,3,0,1,0,48,12169,36,1
1,3,1,1,1,0,1,0,0,3,2,2,0,1,0,1,0,47,10722,35,1
2,3,7,0,2,3,4,0,3,0,2,0,0,2,0,0,0,18,1239,61,1
0,3,7,3,4,3,4,0,3,0,2,0,0,2,0,1,0,10,727,46,1
1,1,1,1,2,1,4,0,1,3,2,1,1,2,1,0,0,11,3905,36,1
0,3,3,1,1,0,1,0,3,2,2,2,0,2,0,0,0,6,4611,32,0
2,3,4,1,2,0,1,0,0,1,2,2,0,2,0,1,0,12,1567,22,1
1,4,1,0,2,3,4,0,1,2,2,2,1,1,1,0,0,21,1647,40,0
1,3,3,1,4,3,4,0,1,1,2,2,0,2,1,0,0,36,3446,42,0
0,3,2,0,2,1,0,0,3,0,2,0,0,2,0,1,0,24,9277,48,1
2,2,10,0,2,1,4,0,1,1,0,2,0,3,0,1,0,48,12204,48,1
0,0,10,0,2,3,4,0,3,3,2,2,1,2,1,1,0,24,2978,32,1
0,3,2,0,0,1,1,0,3,2,2,1,0,3,0,1,0,24,5433,26,1
2,3,6,2,2,3,4,2,1,3,2,2,0,2,0,0,0,15,1514,22,1
2,0,1,2,4,1,4,0,3,1,2,2,3,3,0,1,0,36,8086,42,0
1,0,1,1,0,3,4,0,1,3,2,0,1,2,1,0,0,24,1333,43,0
0,3,3,1,2,3,1,0,1,3,2,1,0,2,0,0,0,9,1388,26,1
0,3,3,1,1,1,1,1,1,1,2,1,1,2,0,0,0,9,1980,19,0
1,3,3,1,2,1,0,0,0,1,2,2,0,2,0,0,0,12,2577,42,1
0,1,0,1,0,3,4,1,1,0,0,2,1,3,0,1,0,24,6314,27,1
0,1,1,3,2,0,2,0,1,1,2,2,0,2,0,0,0,6,2080,24,1
1,3,3,1,2,0,1,0,3,3,0,1,0,2,0,0,0,18,2039,20,0
0,3,5,0,1,3,1,0,0,3,2,2,0,2,0,0,0,15,874,24,1
1,1,4,1,3,0,1,0,3,1,2,2,0,2,0,0,0,6,1957,31,1
2,3,1,1,0,1,4,0,3,0,0,0,0,3,0,1,0,10,7308,70,1
3,3,3,1,2,1,4,0,1,3,2,2,0,2,0,0,0,24,1925,26,1
2,3,1,1,1,2,1,0,3,1,2,2,0,1,0,1,0,24,1355,25,0
1,3,7,1,1,3,1,0,3,2,2,2,0,2,0,0,0,12,795,53,0
3,1,4,1,4,3,4,0,3,2,2,2,0,2,0,0,0,30,3017,47,1
1,4,10,1,3,1,1,2,3,1,2,1,0,2,0,0,0,48,7685,37,0
0,1,10,1,0,3,4,0,1,1,1,2,1,3,0,1,0,12,2292,42,0
1,3,7,0,4,3,4,0,3,0,2,2,0,3,0,1,0,36,1977,40,0
0,1,1,1,2,3,1,0,1,3,1,2,1,2,0,1,0,36,7855,25,0
0,1,1,1,3,1,4,0,1,2,0,2,1,2,0,0,0,18,2775,31,0
2,0,1,1,2,0,0,0,3,2,2,2,1,2,0,0,0,21,2353,47,1
0,3,1,1,2,1,2,0,1,2,2,2,0,3,0,1,0,18,1820,30,1
0,3,2,0,1,1,2,0,3,1,2,1,0,2,0,1,0,12,2445,26,1
1,3,4,3,4,2,2,0,0,3,2,2,0,2,0,0,0,12,1680,35,1
1,0,7,0,2,0,1,0,1,1,2,1,1,2,0,1,0,18,8471,23,1
2,3,2,1,1,1,4,0,2,1,2,2,1,2,0,0,0,26,7966,30,1
1,3,2,1,4,2,4,0,3,0,2,0,0,2,0,1,0,12,3386,35,0
3,1,1,3,3,3,2,0,1,3,2,2,2,2,0,1,0,12,939,28,0
0,1,4,0,4,3,1,0,2,2,0,2,0,1,1,0,0,12,797,33,0
1,3,3,1,1,3,4,1,0,2,2,2,0,1,0,0,1,24,1747,24,1
1,2,6,1,3,3,4,0,2,3,2,2,1,2,0,0,0,12,1108,28,0
2,3,4,1,1,1,1,2,3,2,2,2,0,1,0,0,0,13,2101,23,1
1,3,2,1,0,3,4,0,1,0,2,0,0,3,0,1,0,24,6579,29,1
0,0,4,3,3,3,4,0,0,1,2,2,0,3,0,1,0,48,12749,37,1
0,1,4,3,4,3,4,0,3,2,2,2,1,2,1,1,0,12,522,42,1
1,4,3,3,2,3,4,0,3,3,1,2,0,2,0,1,0,24,2828,22,1
2,3,1,1,2,2,1,0,3,2,2,1,0,1,0,1,0,24,2718,20,0
3,3,1,2,4,0,1,0,3,0,2,0,0,1,1,0,0,10,1240,48,0
2,3,1,4,4,3,4,0,3,3,2,2,0,2,0,1,0,12,1318,54,1
1,3,10,1,1,2,1,0,3,2,2,1,0,2,0,0,0,48,4308,24,0
1,3,3,1,0,2,1,0,3,0,2,0,0,3,0,0,0,12,2578,55,1
0,3,4,2,3,3,2,0,2,2,2,2,0,2,0,1,0,24,1311,26,1
1,1,2,2,3,0,2,0,3,1,2,1,1,2,0,0,0,30,6187,24,1
2,0,6,1,2,1,4,0,3,3,2,2,0,1,1,1,0,18,6204,44,1
2,3,4,1,4,3,4,0,3,1,2,2,0,2,1,0,0,6,1068,28,1
2,3,3,4,1,3,1,0,0,3,2,2,0,2,0,0,0,11,1577,20,1
0,1,3,1,3,3,4,0,2,2,2,2,1,2,0,0,0,24,1585,40,1
1,4,4,1,1,2,4,1,3,0,0,0,0,3,0,1,0,18,1940,36,1
2,2,10,1,2,0,4,0,3,3,2,2,2,1,0,1,0,24,4241,36,0
3,1,1,1,2,0,4,0,0,3,2,2,2,0,1,0,1,6,1299,74,1
0,3,1,2,4,3,2,0,3,3,2,1,0,1,0,0,0,24,1469,41,1
0,1,4,1,4,3,4,0,1,1,2,2,1,2,0,0,0,28,2743,29,1
0,3,4,1,3,3,4,0,1,1,2,1,1,3,1,1,0,12,1963,31,1
2,1,3,1,2,1,1,0,2,1,2,2,0,3,0,1,0,48,5096,30,0
1,3,1,1,1,3,4,0,0,3,2,2,0,1,1,0,0,12,2579,33,0
0,0,3,3,3,1,1,0,3,1,2,2,1,2,0,1,0,36,7678,40,1
2,1,1,0,4,3,4,0,3,3,2,2,1,2,0,0,0,30,2181,36,1
0,3,7,1,1,0,1,0,1,0,2,2,0,2,0,0,0,6,1538,56,1
1,1,4,3,4,3,4,0,3,1,2,2,1,2,0,0,0,6,338,52,1
2,0,7,2,3,1,4,0,2,0,2,1,0,2,0,1,0,39,11760,32,1
2,1,3,1,1,1,1,0,3,1,0,2,0,1,0,0,0,24,4736,25,0
3,3,3,1,4,2,0,0,3,0,2,0,0,2,0,0,0,24,2892,51,1
0,1,4,1,4,1,2,0,1,3,2,1,1,2,0,0,0,6,1740,30,1
2,0,10,2,3,0,4,0,2,2,2,2,1,1,1,1,0,36,9857,31,1
3,3,1,1,1,3,4,0,0,3,2,2,0,2,0,0,0,12,1330,26,1
3,1,4,0,4,3,4,0,3,2,1,2,1,1,0,0,0,30,3656,49,1
1,3,1,1,1,0,1,0,1,1,2,2,0,1,0,0,0,18,976,23,0
1,4,4,1,2,3,0,0,0,0,2,0,0,2,0,0,0,12,2149,29,0
1,3,1,1,4,3,4,0,3,0,0,0,0,3,0,0,0,48,7763,42,0
1,1,3,1,2,0,0,0,3,3,2,1,0,3,0,1,0,6,3384,44,0
1,3,4,2,2,3,1,0,1,1,2,2,0,1,0,0,0,24,1282,32,0
0,1,1,1,2,3,1,0,2,3,2,2,1,2,0,0,0,18,1028,36,1
0,3,1,1,2,1,4,2,1,3,2,2,0,2,0,1,0,24,1393,31,1
0,3,4,1,2,3,4,0,1,3,0,2,1,2,0,0,0,12,707,30,1
1,1,1,1,4,3,4,0,3,3,2,2,1,2,0,0,0,21,571,65,1
1,3,2,1,2,1,4,0,1,2,2,2,0,2,1,0,0,36,8229,26,0
1,1,1,1,1,0,4,0,2,3,2,1,1,1,1,0,1,10,2241,48,1
0,1,4,0,4,0,4,1,3,3,2,2,0,2,0,1,0,12,2331,49,1
2,4,3,4,2,3,4,0,1,1,1,2,0,2,1,1,0,30,3496,34,1
0,0,10,1,2,3,2,0,1,1,2,2,0,2,0,1,0,18,2169,28,0
2,1,7,1,1,1,1,0,3,0,2,0,1,2,0,1,0,24,5743,24,1
2,3,0,1,2,1,4,1,2,1,0,2,1,3,0,1,0,24,11328,29,0
0,4,4,3,4,1,4,0,3,2,0,2,0,1,1,0,0,6,1750,45,1
2,3,4,0,4,1,1,0,3,1,2,2,0,2,0,1,0,24,5084,42,1
1,3,9,1,3,3,2,0,3,2,2,1,0,2,0,0,0,12,902,21,0
1,3,4,1,2,1,1,0,3,1,2,2,0,2,0,0,0,24,3660,28,1
3,1,3,0,4,3,4,1,3,0,2,1,1,2,0,0,0,24,3617,20,1
1,4,3,1,3,2,4,0,3,1,0,2,0,2,0,0,0,24,3552,27,0
0,3,7,1,2,3,4,0,3,0,1,0,0,2,0,1,0,36,1819,37,0
0,3,10,0,2,3,0,0,1,3,0,2,0,2,0,0,0,48,3914,38,0
2,1,1,2,1,3,0,0,1,1,2,2,0,2,0,1,0,24,3878,37,1
0,3,3,1,4,3,4,0,3,2,0,2,2,2,1,1,0,18,3422,47,1
1,3,3,1,2,2,4,0,1,3,2,2,0,2,0,0,0,9,2136,25,1
2,1,2,4,4,1,1,0,3,0,2,1,0,2,0,0,0,24,7758,29,1
1,1,2,1,4,3,4,0,3,0,2,0,1,3,0,0,0,12,1526,66,1
2,0,4,1,1,0,4,0,1,1,2,2,0,2,0,0,0,24,6403,33,1
1,3,1,1,1,3,1,0,3,1,2,2,0,2,0,1,0,36,1842,34,0
1,3,4,2,3,3,2,0,0,2,2,2,0,2,0,0,0,12,674,20,0
0,1,3,3,3,2,1,0,3,1,2,1,0,2,0,1,0,12,1402,37,1
2,3,1,0,0,0,4,0,1,2,2,2,0,0,0,1,0,6,14555,23,0
0,3,1,1,4,3,1,1,3,0,2,0,0,2,0,1,0,24,3757,62,1
1,1,3,0,1,1,1,1,2,3,2,1,1,2,0,0,1,10,2132,27,1
0,1,1,1,3,1,4,0,0,3,2,2,2,1,1,0,0,4,1455,42,1
3,3,10,1,3,1,4,0,3,2,2,1,0,2,0,1,0,15,2687,26,1
1,1,1,1,4,3,2,0,2,1,2,2,1,2,0,1,0,21,1602,30,1
2,0,1,0,2,3,1,0,3,1,2,1,1,2,0,1,0,24,1965,42,1
1,3,4,1,2,3,2,0,1,3,2,2,0,1,0,0,0,12,701,40,1
1,3,4,0,3,3,1,0,2,1,2,2,0,3,0,1,0,42,7174,30,0
0,3,9,0,0,3,4,0,3,2,2,2,0,3,1,1,0,6,1238,36,1
1,1,1,0,1,0,4,0,2,3,2,2,1,1,1,0,0,6,4716,44,1
0,1,4,1,2,1,1,0,1,1,1,2,1,2,0,0,0,36,9566,31,1
0,1,3,4,1,3,4,0,1,3,1,2,1,1,1,1,0,27,4526,32,1
2,3,4,0,4,1,1,0,3,1,2,2,0,2,0,0,0,30,2991,25,1
2,3,3,1,3,1,1,0,3,3,2,1,0,2,0,0,0,18,3001,40,1
1,3,1,1,4,0,0,0,3,2,2,2,0,3,0,1,1,14,8978,45,0
0,3,4,3,4,3,4,0,3,1,2,2,0,2,0,0,0,36,2299,39,1
2,1,7,4,4,3,4,0,2,0,2,0,1,2,1,0,0,9,1136,32,0
2,1,7,1,4,1,1,0,2,1,2,2,1,3,0,1,0,9,1501,34,0
2,1,2,2,0,2,4,0,3,1,2,2,0,2,0,0,0,45,4576,27,1
3,3,4,1,1,1,1,0,2,3,2,2,0,1,0,0,0,15,2327,25,0
2,3,2,1,2,0,1,0,3,1,2,1,1,3,0,0,0,24,11560,23,0
0,1,7,1,4,1,1,0,3,0,0,0,2,1,0,0,0,12,2748,57,1
0,3,7,1,4,3,4,0,3,1,0,2,0,1,1,0,0,12,719,41,0
0,1,4,1,3,3,1,0,3,1,2,1,0,3,0,1,0,30,4530,26,1
0,1,1,3,2,1,4,0,1,0,0,0,0,2,0,0,0,48,10127,44,0
1,3,3,1,3,0,1,0,3,1,2,1,0,1,0,0,0,21,3599,26,1
2,1,4,3,2,3,4,0,1,2,2,2,1,1,0,0,0,27,2520,23,0
0,1,4,4,4,3,4,0,3,1,2,2,1,2,0,0,0,18,1582,46,1
2,3,3,0,1,3,1,0,2,3,2,1,0,2,0,0,0,18,1924,27,0
0,3,4,3,4,2,4,0,3,1,2,2,0,2,0,0,0,22,2675,40,1
2,0,3,0,1,3,4,0,1,2,0,2,0,1,0,0,0,24,2333,29,1
1,2,4,1,2,3,4,0,1,2,2,1,1,2,0,1,0,12,6199,28,0
1,3,2,1,3,3,4,0,3,0,1,0,2,2,1,1,0,48,10297,39,0
1,3,4,1,2,2,4,0,1,1,2,2,0,3,0,0,0,27,3416,27,1
2,3,4,2,1,2,2,0,1,1,2,1,0,2,0,1,0,24,3092,22,0
0,1,4,4,2,3,1,0,0,3,2,2,1,1,0,0,0,24,1516,43,1
0,3,4,0,4,3,4,0,1,1,2,2,0,2,0,0,0,15,1979,35,1
2,1,1,1,0,3,2,0,1,1,2,2,1,3,0,0,0,30,4249,28,0
0,3,4,3,4,2,4,0,1,1,2,2,0,2,1,1,0,24,3430,31,1
2,2,1,1,1,1,1,0,0,3,2,1,1,0,0,0,0,15,1778,26,0
2,3,10,1,4,1,1,0,3,2,2,2,0,2,1,0,0,21,1188,39,0
2,4,2,1,0,0,4,0,1,0,0,0,0,3,0,1,0,42,9283,55,1
1,3,4,1,1,3,2,0,1,3,2,2,0,2,0,0,1,15,1053,27,1
2,1,3,1,4,2,1,0,3,2,2,2,0,2,0,1,0,18,3612,37,1
2,1,10,1,3,1,4,0,2,2,2,2,1,2,0,0,0,21,3652,27,1
3,3,5,1,2,1,4,0,1,1,2,2,0,2,0,1,0,10,1225,37,1
0,4,2,0,0,3,1,0,0,3,0,2,0,3,0,1,0,30,7485,53,0
0,3,10,1,3,3,4,0,0,3,2,2,0,2,0,1,0,24,1258,25,1
1,3,2,0,4,2,4,0,3,0,2,0,0,2,0,0,0,36,8335,47,0
0,4,10,1,2,0,1,0,0,3,1,2,0,2,0,0,0,48,3609,27,1
0,0,6,4,4,3,4,0,3,0,2,0,1,2,1,0,0,12,1555,55,0
1,3,1,1,2,2,1,0,1,2,2,2,0,2,0,1,0,15,3959,29,0
2,0,10,2,3,3,4,0,3,1,2,1,0,3,0,1,0,24,6967,36,1
2,0,0,2,0,1,4,0,3,0,2,0,0,3,0,1,0,48,7582,31,1
2,4,7,1,3,3,1,0,3,0,0,0,0,1,0,0,0,24,1837,34,0
1,3,4,1,2,2,1,0,1,1,2,2,0,2,0,1,0,48,6758,31,0
1,4,3,3,2,3,4,0,3,3,1,2,0,2,0,1,0,24,2483,22,1
1,2,10,0,1,1,4,0,2,1,0,2,2,2,0,0,0,30,8072,25,1
2,3,6,1,2,3,4,0,1,1,2,2,0,2,0,0,0,12,639,30,0
1,3,2,1,3,1,4,0,0,0,2,0,0,3,0,1,0,24,2910,34,1
2,0,4,0,2,0,4,0,0,3,2,2,0,1,0,0,0,60,7418,27,1
0,3,4,0,3,3,4,0,2,1,1,2,0,2,0,1,0,48,10222,37,1
2,3,6,1,1,2,2,0,0,2,2,2,0,1,0,0,0,6,454,22,1
0,3,10,4,2,1,4,0,2,2,2,2,2,3,0,1,0,24,4591,54,0
0,1,4,0,4,3,4,0,0,3,2,2,0,2,0,1,0,48,3578,47,1
2,0,4,0,2,1,4,0,1,0,2,0,0,3,0,0,0,60,9157,27,1
0,1,10,1,2,2,4,0,1,3,2,2,0,3,0,1,0,24,4526,74,1
0,0,10,1,1,0,0,0,0,1,2,2,1,2,0,0,0,36,9572,28,0
2,2,4,1,2,3,1,0,0,1,2,2,0,2,0,1,0,36,3804,42,0
1,1,1,1,4,3,4,0,2,2,2,2,1,2,0,0,0,12,691,35,0
0,3,2,0,4,3,4,0,3,3,2,2,0,3,0,1,0,21,2476,46,1
2,3,4,3,2,3,1,0,2,3,2,2,0,1,0,0,0,9,790,66,1
0,3,1,0,2,3,4,0,3,0,2,0,0,2,1,1,0,60,6527,34,1
2,4,1,2,2,1,2,0,1,2,2,1,0,2,0,0,0,15,1264,25,0
0,1,3,1,1,1,1,0,3,2,2,1,1,2,0,1,0,36,7127,23,0
0,1,3,1,3,1,4,0,1,2,2,2,1,1,0,0,0,24,2028,30,1
0,1,1,1,1,3,1,0,3,1,2,2,1,3,0,0,0,11,1393,35,1
2,3,1,0,2,0,1,0,1,3,2,2,0,1,0,0,0,9,3195,33,1
1,4,9,1,4,3,2,0,0,1,0,2,0,1,0,0,0,12,339,45,1
0,1,2,0,3,2,4,0,3,2,2,2,1,2,0,1,0,24,4042,43,1
0,3,3,1,2,3,1,0,0,3,2,2,0,2,0,1,0,12,763,26,1
0,1,4,0,4,3,4,0,3,2,2,2,1,2,0,0,0,24,2424,53,1
0,3,2,1,2,1,4,0,1,0,2,0,0,3,0,1,0,36,4686,32,1
0,1,1,1,2,0,4,0,3,2,2,2,1,1,0,0,0,11,7228,39,1
0,3,1,1,2,0,4,0,3,2,2,2,0,1,1,0,0,24,7393,43,1
0,3,1,0,1,1,4,0,2,2,2,2,0,3,1,1,0,12,3527,45,1
1,1,1,1,3,3,1,0,2,2,2,2,1,2,0,0,1,6,609,37,1
2,3,2,3,1,2,1,0,3,1,2,1,0,2,0,0,0,24,4113,28,0
2,1,4,1,2,0,1,0,0,3,2,2,0,1,0,0,0,12,3573,23,1
0,1,3,0,4,3,4,0,3,2,2,2,0,2,0,0,0,15,1520,63,1
3,1,4,0,2,2,4,0,1,1,2,2,1,2,0,1,0,24,3148,31,1
0,3,4,1,4,3,4,0,1,1,2,2,0,2,0,0,0,36,3595,28,1
0,2,6,1,2,3,4,0,1,1,2,2,1,2,0,0,0,36,2613,27,1
0,2,4,1,4,3,2,0,3,1,2,2,0,1,0,0,0,6,426,39,1
1,3,1,1,2,3,1,2,3,2,2,2,0,2,0,1,0,12,1893,29,1
0,1,1,4,4,3,1,0,3,3,2,2,1,2,0,1,0,24,1287,37,1
1,0,10,1,3,1,4,0,0,1,2,2,1,2,0,1,0,36,2145,24,0
1,3,3,1,0,3,4,0,0,1,2,2,0,0,0,0,0,18,2473,25,0
1,3,3,1,1,3,4,0,0,0,0,0,0,2,0,0,0,24,3149,22,1
3,3,4,1,2,3,4,1,1,3,1,2,0,2,0,0,0,18,2100,37,0
2,3,4,0,2,3,1,0,0,1,2,2,0,2,0,0,0,30,1715,26,1
2,4,0,2,4,2,1,0,3,0,0,0,1,3,0,1,0,60,14782,60,0
0,0,2,1,3,2,4,0,2,1,2,2,1,1,0,1,0,24,4679,35,1
0,3,4,1,4,3,1,0,1,1,0,1,0,3,0,1,0,15,3568,54,1
1,1,1,1,2,3,2,2,1,2,0,1,1,2,0,0,1,20,2235,33,0
2,3,10,1,1,3,1,0,0,2,2,2,0,2,1,1,0,27,2528,32,1
0,0,2,1,2,2,4,0,1,3,1,2,1,1,0,0,0,21,2993,28,1
2,3,4,2,2,3,4,2,3,2,2,1,0,2,0,0,0,45,3031,21,0
0,0,1,1,4,1,4,0,1,1,2,2,1,2,1,1,0,36,10875,45,1
0,3,3,1,2,1,4,0,1,3,0,1,0,1,0,0,0,10,2210,25,0
2,1,4,2,1,3,4,0,3,0,0,2,1,2,1,0,0,24,1216,38,0
1,1,1,1,2,0,4,0,1,3,2,2,1,1,1,0,0,11,3939,40,1
0,0,10,3,2,3,4,0,1,1,2,2,1,2,1,1,0,24,2375,44,1
0,3,9,1,1,3,2,0,2,1,2,2,1,1,0,0,0,24,937,27,1
0,3,4,0,3,1,2,0,3,2,2,1,0,2,0,1,0,42,7166,29,1
0,3,5,3,3,3,4,0,2,2,2,2,1,2,0,1,0,15,1262,36,1
0,0,2,1,1,0,1,0,1,2,2,2,1,1,0,0,0,15,3594,46,1
3,3,4,1,2,3,4,0,0,1,2,2,0,2,0,0,0,36,5848,24,1
2,1,4,1,4,2,1,2,3,3,0,1,1,1,0,1,0,18,1795,48,1
1,3,3,1,0,3,4,0,2,2,2,2,0,3,0,1,0,36,3959,30,1
1,3,1,0,3,3,1,0,3,0,2,1,0,2,0,0,0,24,1285,32,0
3,3,7,1,1,3,1,0,3,2,2,1,0,2,0,1,0,15,392,23,1
2,3,4,4,3,0,4,1,1,0,0,2,1,2,0,1,0,48,10961,27,0
0,3,4,2,4,2,4,1,3,1,2,2,0,2,0,1,0,9,2753,35,1
2,1,3,1,3,3,4,0,2,1,2,1,0,2,0,1,0,9,1919,35,1
2,3,2,0,2,3,4,0,1,1,2,2,0,2,0,0,0,12,2028,30,1
2,3,1,0,2,3,1,0,1,2,2,2,0,2,0,0,0,18,1042,33,0
1,3,3,1,4,1,1,0,0,2,0,2,0,2,0,1,0,6,428,49,1
1,1,1,1,2,1,4,0,1,3,2,1,1,2,1,0,0,9,2799,36,1
2,1,4,1,3,1,4,2,1,3,2,2,1,2,0,0,0,39,4933,25,0
0,3,1,1,4,1,4,0,3,2,2,2,0,3,0,1,0,60,10366,42,1
2,1,1,3,3,2,0,0,2,1,2,2,0,3,0,1,0,12,2366,36,1
0,3,2,0,2,1,4,0,0,2,2,2,0,2,0,1,0,18,3378,31,1
0,3,4,1,2,0,4,0,3,2,2,2,0,2,0,1,1,10,1924,38,1
0,0,1,1,2,3,4,0,1,1,2,2,1,1,0,0,0,14,802,27,1
2,2,1,3,1,0,1,0,0,1,2,2,1,2,0,0,0,48,8358,30,1
2,1,5,1,3,3,4,0,2,2,2,2,0,2,0,0,0,12,1424,26,1
2,2,10,1,2,1,1,0,0,1,2,2,1,2,0,0,0,30,4221,28,1
0,4,10,1,3,3,4,0,3,1,0,2,0,2,0,1,0,24,1559,50,1
1,3,4,1,2,3,4,0,2,2,2,2,0,1,0,0,0,12,2214,24,1
0,3,4,4,3,1,0,0,3,3,2,2,0,1,0,0,0,12,3059,61,1
0,1,4,0,4,3,4,0,3,3,2,2,3,2,0,0,0,12,930,65,1
0,1,7,1,2,0,4,0,2,0,0,0,0,2,0,1,0,48,6110,31,1
0,2,3,1,4,1,4,0,3,2,2,2,1,2,0,0,0,12,2759,34,1
2,3,3,1,2,3,4,0,1,2,2,2,0,1,0,0,0,12,1922,37,0
0,0,3,2,2,1,4,0,2,2,2,2,1,2,0,0,0,24,4151,35,1
1,1,1,1,3,3,4,1,2,2,2,2,1,2,0,1,0,10,1038,49,1
1,3,1,1,0,0,1,0,3,1,2,1,0,2,0,0,0,15,2511,23,1
0,1,4,1,3,2,4,1,1,1,2,2,0,2,0,0,0,30,5954,38,1
1,3,3,1,1,3,1,0,0,1,2,1,0,2,0,0,0,12,1858,22,1
2,3,4,1,3,3,1,2,1,3,2,2,0,1,0,0,0,8,760,44,1
0,1,4,1,4,3,4,0,3,1,2,2,1,2,0,1,0,15,1829,46,1
1,1,1,1,4,1,4,0,3,0,2,0,2,3,0,1,0,18,5302,36,1
1,3,5,2,0,3,1,0,2,2,2,2,0,2,0,0,0,12,741,22,0
0,3,1,0,4,3,4,1,1,2,2,2,0,1,0,0,1,10,1287,45,1
1,3,1,0,2,3,1,0,1,2,2,2,0,2,0,0,0,24,1381,35,0
0,3,4,2,4,1,4,0,3,0,0,0,0,2,1,1,0,6,1346,42,1
2,0,7,1,4,3,4,0,3,0,2,0,0,2,0,0,0,48,6224,50,0
1,3,7,1,0,3,1,0,0,3,2,2,0,0,0,0,0,18,750,27,0
0,4,2,0,1,2,4,2,3,3,0,1,1,2,1,1,0,28,7824,40,1
0,1,6,0,3,3,1,0,3,3,2,2,1,2,0,0,0,12,996,23,1
2,1,10,0,3,3,4,0,2,0,2,2,1,2,1,1,0,24,2825,34,1
0,3,1,2,2,2,4,0,1,3,2,1,0,1,0,0,1,10,1418,35,1
0,1,1,2,3,3,1,0,2,1,2,2,1,2,0,1,0,12,682,51,1
1,1,1,1,4,0,1,0,3,0,2,2,1,2,0,1,0,6,860,39,1
3,2,4,1,1,3,4,0,1,1,2,2,1,3,0,1,0,9,1337,34,0
2,3,4,1,1,3,1,0,1,1,2,2,0,2,0,1,0,9,1670,22,0
2,2,10,2,2,3,1,0,3,1,2,1,1,1,0,0,0,30,4280,26,0
2,1,3,1,4,1,4,0,0,0,2,2,0,2,0,1,0,18,6361,41,1
0,0,10,2,2,0,4,0,1,3,2,2,1,1,0,0,0,6,1743,34,1
2,3,9,0,4,3,4,0,3,2,2,2,1,2,0,0,0,12,754,38,1
1,1,1,1,3,0,4,0,3,3,2,2,1,1,0,0,1,8,3398,39,1
2,4,2,1,4,1,1,0,3,0,0,0,0,3,1,1,0,9,5129,74,0
3,1,1,1,4,3,4,0,3,0,2,0,1,2,0,1,0,10,781,63,1
1,4,1,1,3,3,4,0,3,0,2,0,1,1,1,0,0,18,1442,32,0
0,3,4,1,1,3,4,0,0,3,2,2,0,2,0,0,0,18,2051,33,1
1,3,3,1,2,1,4,0,1,1,2,2,0,2,0,0,0,18,2462,22,0
1,3,1,1,2,2,4,0,1,1,2,2,0,1,0,0,0,28,4006,45,0
2,3,3,2,1,3,1,0,3,1,0,1,3,2,0,0,0,12,951,27,0
0,3,2,0,4,3,4,0,3,0,0,0,0,2,1,0,0,15,1300,45,1
0,3,4,2,2,3,4,0,3,1,2,1,0,3,0,1,0,24,1901,29,1
3,1,2,1,4,3,4,0,3,0,2,0,0,2,0,0,0,42,4796,56,1
0,3,4,1,1,2,2,0,3,3,2,2,0,2,0,1,0,18,1473,39,1
0,3,3,1,2,2,4,0,1,3,2,1,0,1,0,0,0,12,1768,24,1
0,1,3,4,2,3,4,0,3,3,2,2,0,2,0,1,0,24,3777,50,1
0,0,10,1,3,2,4,0,3,1,2,2,1,2,0,0,0,27,5117,26,1
1,1,6,1,0,3,4,1,3,1,2,2,1,0,0,0,0,42,3394,65,1
0,1,4,1,4,3,4,0,3,3,2,2,2,2,0,0,0,12,717,52,1
0,1,2,1,4,1,4,0,1,2,2,2,1,2,1,1,0,36,5842,35,1
0,1,1,1,2,2,4,0,0,3,2,2,1,2,0,0,0,9,1224,30,1
2,3,4,1,4,2,2,2,2,3,0,2,1,1,0,0,0,12,1155,40,1
1,3,1,0,3,1,4,1,1,3,2,2,0,1,0,0,1,21,3763,24,1
1,2,1,1,2,3,4,0,3,1,0,2,1,2,0,0,0,12,1082,48,0
2,3,10,1,2,1,4,0,1,1,2,2,0,2,0,1,0,48,15672,23,0
1,1,1,1,2,2,1,1,1,3,2,2,1,2,0,0,0,12,3499,29,0
0,0,4,1,3,1,4,0,3,1,2,2,1,2,0,1,0,60,15653,21,1
0,0,10,1,1,1,4,0,1,1,0,2,1,2,0,1,0,24,8648,27,0
2,3,2,0,0,0,0,0,3,3,2,2,0,3,0,1,0,20,6468,60,1
1,3,2,0,4,1,1,0,3,3,2,1,0,2,0,0,0,24,2812,26,1
2,4,5,0,1,2,1,0,1,0,0,2,0,0,0,0,0,36,3990,29,1
0,3,10,4,4,0,0,0,1,3,2,2,0,2,0,1,0,11,2142,28,1
0,3,1,1,2,1,1,0,3,1,2,2,0,2,0,1,0,10,1364,64,1
2,3,6,1,4,3,4,0,3,1,2,2,1,1,0,0,0,15,1308,38,1
2,2,0,1,2,0,1,0,1,2,0,2,0,3,0,1,1,48,18424,32,0
2,3,10,2,3,1,1,0,3,3,2,1,0,1,0,0,0,12,841,23,1
2,3,4,1,1,2,2,0,2,3,2,2,0,1,0,0,1,6,590,26,1
1,3,3,1,4,3,4,0,1,2,2,1,0,3,0,1,0,24,3345,39,0
1,3,4,1,2,3,4,0,3,0,2,0,1,2,0,0,0,18,2600,65,0
1,3,3,1,2,1,4,1,1,2,2,2,0,1,1,0,0,12,3590,29,1
0,1,1,0,4,0,1,0,3,1,2,2,0,2,0,1,0,15,5045,59,1
0,3,4,0,1,3,1,0,1,3,2,1,0,2,0,1,0,18,1126,21,1
1,4,1,1,0,0,1,1,3,0,2,1,1,0,0,0,0,24,1193,29,0
0,3,2,2,4,3,4,0,1,1,2,2,0,3,0,1,0,39,8588,45,1
0,3,4,1,1,3,1,0,2,1,1,2,0,2,0,1,0,24,1533,38,1
1,3,4,1,2,3,2,0,2,3,0,2,0,2,0,0,0,18,1345,26,0
1,3,3,1,2,1,1,1,2,2,2,2,0,2,0,0,0,12,1620,30,1
2,3,3,2,1,3,4,1,0,0,2,1,0,3,0,1,0,36,9034,29,0
2,3,1,1,3,2,4,0,2,3,2,1,0,1,0,0,0,18,6260,28,1
2,3,6,2,2,2,1,0,1,3,2,2,0,1,0,0,0,15,2631,25,1
0,3,4,2,3,2,4,0,0,0,2,2,0,2,0,0,0,12,2141,35,1
1,3,3,1,4,3,1,0,3,2,2,1,0,2,0,0,0,12,652,24,1
2,3,4,2,2,3,1,1,3,0,2,0,0,2,0,0,0,36,2671,50,0
0,3,10,2,3,1,4,0,1,1,2,2,1,2,0,1,0,36,5742,31,1
0,1,1,0,4,1,4,0,3,0,0,0,0,3,0,1,0,60,13756,63,1
0,3,10,1,0,2,4,0,1,1,0,1,0,3,0,1,0,48,4844,33,0
0,3,6,1,1,3,1,0,3,3,2,2,0,2,0,0,0,18,1943,23,0
2,3,4,1,2,3,2,2,1,3,2,2,0,1,0,0,0,18,866,25,1
2,3,10,4,2,3,4,0,1,2,2,2,0,1,0,1,0,18,1941,35,1
0,1,3,1,4,3,4,0,3,1,2,2,0,2,0,1,0,24,5150,33,1
2,3,3,0,2,0,1,0,3,2,2,2,0,1,0,1,0,24,4351,48,1
3,3,1,1,3,3,4,0,2,0,0,0,0,2,1,0,0,24,947,38,0
2,3,4,1,4,3,1,0,3,1,2,2,0,2,0,1,0,24,1967,20,1
0,3,3,0,3,0,1,0,3,3,0,1,0,1,0,0,0,15,2186,33,1
2,3,4,1,2,1,4,0,1,3,2,2,0,1,1,0,0,9,2118,37,1
0,3,4,1,2,3,2,0,1,3,2,2,0,2,0,0,0,12,776,28,1
0,3,2,2,1,0,1,0,3,1,2,2,0,2,0,1,0,15,3812,23,1
1,1,3,0,3,3,4,0,3,2,2,2,1,3,0,1,0,39,14179,30,1
2,4,1,2,3,1,4,0,2,0,2,2,0,2,0,0,0,9,1437,29,0
2,3,4,0,1,3,4,0,0,2,2,2,0,2,0,0,0,15,1444,23,1
3,4,4,0,3,3,4,0,3,1,0,2,0,1,0,0,0,18,1445,49,1
0,0,4,1,0,1,2,0,2,3,2,2,1,2,0,0,0,18,2320,34,1
0,0,10,2,2,1,4,0,1,2,2,2,1,1,0,0,0,30,4272,26,1
0,3,2,1,2,2,4,0,1,1,2,2,0,2,0,1,0,15,4657,30,1
0,3,3,1,0,3,1,0,1,1,2,2,1,3,0,1,0,36,10974,26,0
1,3,1,1,3,3,4,0,3,0,2,0,0,2,1,0,0,48,3931,46,0
1,3,1,1,2,3,4,0,2,1,2,2,0,1,0,0,0,9,654,28,0
2,3,4,3,0,0,1,0,3,0,2,1,0,0,0,0,0,24,3758,23,1
0,3,1,0,2,3,4,2,3,2,2,2,0,1,0,0,0,10,1309,27,0
1,0,4,1,3,2,4,0,1,2,0,2,1,2,1,1,0,42,4370,26,0
0,3,4,2,0,1,1,0,3,3,2,2,0,2,0,0,0,13,1409,64,1
0,3,4,0,4,3,4,0,3,1,2,2,0,2,0,1,0,30,1867,58,1
1,3,4,1,2,1,4,0,1,3,2,1,0,3,1,1,0,12,1107,20,1
0,3,1,1,2,3,0,0,1,3,2,2,0,1,0,0,0,12,640,49,1
0,3,1,2,1,3,2,0,2,3,2,2,0,2,0,1,0,24,1474,33,1
0,1,4,0,4,3,4,0,3,1,2,2,1,2,0,0,0,12,976,35,1
0,0,10,0,1,3,4,0,3,1,2,1,1,2,0,1,0,36,7980,27,0
0,3,1,0,2,1,4,0,3,1,2,1,1,2,0,0,0,18,6761,68,0
2,2,1,2,1,2,1,0,2,1,2,2,1,2,0,0,0,18,2278,28,0
2,1,4,1,4,1,4,0,3,3,2,2,2,1,0,0,0,9,1154,37,1
0,1,7,0,2,2,1,0,1,1,2,2,1,2,0,1,0,24,1927,33,1
0,3,3,2,1,1,1,0,3,2,2,1,0,2,0,0,0,9,2301,22,1
0,1,10,1,2,3,1,2,1,3,2,2,1,3,0,1,0,12,1412,29,1
1,2,2,1,4,2,4,0,3,0,2,0,1,2,1,0,0,48,4605,24,0
0,1,4,1,2,3,4,0,1,1,2,2,1,2,0,0,0,18,1800,24,1
0,1,4,0,2,0,4,0,1,3,2,2,1,1,1,0,0,6,1898,34,1
2,3,4,1,2,3,1,2,3,3,2,2,0,1,1,0,0,18,1113,26,1
2,1,4,1,1,3,4,0,1,2,2,2,1,1,0,0,0,45,4746,25,0
2,3,4,1,1,0,2,0,0,3,2,1,0,2,0,0,0,12,1534,23,0
1,2,1,1,4,3,4,0,2,1,2,1,1,2,1,0,0,15,950,33,0
0,1,2,1,3,3,4,0,2,1,2,2,1,2,0,1,0,24,2346,35,1
1,1,10,1,4,3,4,0,3,1,1,2,3,3,1,1,0,27,2442,43,1
0,1,3,1,2,3,4,0,1,0,2,0,0,2,0,1,0,15,3343,28,1
0,3,1,1,1,3,2,0,1,3,2,2,0,2,0,0,0,24,1249,28,1
1,3,3,1,1,3,1,2,0,2,2,1,0,2,0,0,0,15,1845,46,1
0,3,2,4,2,1,1,0,3,1,2,1,0,2,0,1,0,24,2603,28,1
2,2,10,1,1,2,4,0,3,0,2,1,0,2,0,1,0,54,15945,58,0
2,3,1,0,2,0,4,0,3,0,2,0,0,2,0,1,0,36,12389,37,0
1,3,1,0,4,3,1,0,1,1,0,2,0,2,0,0,0,24,915,29,0
0,3,4,0,4,3,4,0,2,2,2,2,0,2,0,1,0,21,3160,41,1
2,3,4,1,4,3,4,0,3,1,2,2,1,1,0,0,0,9,1082,27,1
1,1,3,1,2,1,0,0,2,2,2,2,1,2,0,0,0,15,975,25,1
1,3,3,1,2,0,4,2,1,2,2,2,0,2,1,0,0,36,3620,37,1
2,1,1,2,1,3,4,0,0,1,2,2,0,2,0,0,0,12,1995,27,1
0,1,1,1,4,3,4,0,3,1,2,2,1,3,0,1,0,36,6614,34,1
0,1,3,1,4,3,4,0,3,3,2,2,2,2,0,1,0,12,1935,43,1
1,3,1,1,3,1,4,0,3,0,0,0,0,3,1,1,0,36,3249,39,1
0,3,3,3,4,3,4,0,2,0,2,1,0,2,0,1,0,24,3062,32,1
1,1,3,1,2,2,2,0,1,2,2,2,1,2,0,1,0,36,2348,46,1
1,3,3,1,1,1,0,0,3,2,2,2,0,1,0,0,0,30,3108,31,0
1,3,4,1,3,2,4,0,3,3,2,2,0,2,0,0,0,9,1364,59,1
3,3,4,1,2,1,4,0,1,3,2,2,0,2,0,1,0,36,3913,23,1
1,0,1,1,2,2,4,0,3,0,2,0,1,2,1,0,0,24,4870,53,0
2,1,3,1,4,0,4,0,3,1,2,1,2,2,0,1,0,12,3617,28,1
0,3,7,2,2,2,4,0,1,2,2,2,0,3,0,1,0,15,4623,40,0
1,0,1,1,2,3,4,0,1,3,2,2,1,1,1,0,0,12,1344,43,1
1,3,4,4,1,3,1,0,1,1,0,2,0,2,0,0,0,21,3357,29,1
0,1,1,1,3,0,4,0,2,0,2,2,1,3,1,1,0,6,6761,45,1
0,1,1,1,2,3,1,0,3,1,2,2,0,2,0,1,0,24,2022,37,1
0,1,1,4,2,1,1,0,1,3,0,2,1,1,0,0,0,6,250,41,1
0,1,4,1,1,2,2,0,2,0,2,0,2,2,0,1,0,24,5103,47,1
2,1,4,1,4,3,4,0,3,3,2,2,0,2,0,0,0,36,2337,36,1
2,3,1,0,0,0,1,0,1,3,2,1,0,0,0,0,0,12,7472,24,1
1,3,4,1,2,3,1,0,3,1,0,1,1,2,0,0,0,18,1882,25,0
1,3,10,1,2,3,1,0,3,2,2,2,0,1,0,0,0,15,806,22,1
0,1,2,0,3,3,4,0,3,1,2,2,1,2,1,1,0,24,2197,43,1
3,3,4,2,4,1,0,0,3,3,2,2,0,2,0,0,0,9,1126,49,1
1,3,2,3,0,0,1,0,1,2,2,1,0,0,0,1,0,6,1352,23,1
2,3,1,2,2,1,4,0,1,1,2,2,1,2,0,1,0,18,5866,30,1
2,3,6,1,0,1,1,0,3,1,2,2,0,2,0,1,0,18,3872,67,1
0,1,4,1,4,3,2,1,2,3,2,2,1,2,0,0,0,24,2611,46,1
0,1,7,3,4,3,4,0,1,1,2,2,1,2,0,1,0,9,936,52,1
0,3,4,2,3,1,1,0,3,3,2,2,0,2,0,1,0,60,10144,21,1
3,4,4,4,2,2,1,0,2,3,2,1,1,2,0,0,0,12,409,42,1
0,3,2,1,3,2,4,0,2,1,2,2,0,3,0,1,0,24,7814,38,1
3,3,4,1,2,3,4,0,1,1,2,2,0,2,0,0,0,36,4210,26,0
0,3,1,1,2,1,4,2,2,2,2,1,0,2,0,0,0,6,3518,26,1
0,1,2,1,4,0,4,0,3,1,2,2,0,3,0,1,0,21,3275,36,1
2,3,1,1,4,3,4,0,1,0,2,0,0,3,0,1,0,36,14318,57,0
2,3,4,1,2,3,1,2,3,3,2,2,1,2,0,1,0,12,1092,49,1
0,3,1,3,3,0,1,0,1,1,0,2,0,3,0,0,0,21,2782,31,1
0,0,10,3,1,3,4,0,1,3,0,2,0,1,1,0,0,21,2580,41,0
2,3,3,4,1,0,1,0,3,3,2,1,0,1,0,0,0,12,983,19,1
0,3,10,4,4,3,1,0,3,3,0,2,0,1,0,0,0,21,1572,36,1
2,3,4,1,4,3,2,2,1,3,2,2,0,1,0,0,0,18,1301,32,1
2,1,4,0,3,3,4,2,1,3,0,2,2,2,0,1,0,15,2728,35,1
2,2,10,1,4,3,4,0,3,0,2,0,0,3,0,1,0,36,1953,61,0
1,3,7,1,1,3,1,0,3,2,2,2,0,2,0,0,0,6,448,23,0
0,3,1,3,2,1,1,0,1,2,2,2,0,2,0,0,0,12,1386,26,0
2,1,2,1,0,3,4,0,1,1,2,2,1,3,0,1,0,12,1860,34,1
2,3,4,1,2,1,1,2,2,3,2,2,0,2,0,0,0,6,753,64,1
0,1,6,1,4,2,4,0,3,0,2,0,1,2,0,0,0,24,5507,44,1
1,1,2,1,4,3,4,0,3,2,2,2,1,2,0,1,0,24,2957,63,1
0,3,1,0,2,2,4,0,1,0,2,2,0,2,0,0,0,15,3556,29,1
0,3,4,1,1,3,1,0,3,2,2,2,0,2,0,1,0,24,3181,26,1
1,1,2,1,3,3,4,0,3,1,2,2,1,2,0,1,0,36,9629,24,0
1,3,1,1,2,1,1,0,3,1,2,1,0,2,0,0,0,15,1403,28,1
1,1,6,2,4,2,4,2,3,3,2,2,1,2,1,0,1,9,1288,48,1
0,3,4,3,4,3,4,0,1,1,0,2,0,3,0,0,0,30,2333,30,1
0,1,4,2,2,0,1,0,0,2,2,2,1,2,0,0,0,6,1237,27,1
0,1,1,2,2,3,1,0,3,1,2,2,1,1,0,0,0,6,362,52,1
2,1,1,1,0,1,4,0,2,1,2,0,2,0,0,1,0,16,1175,68,1
0,1,1,0,4,3,4,0,3,0,2,0,0,3,0,1,0,21,12680,30,0
1,2,10,1,3,2,4,0,0,2,0,2,0,2,0,1,0,18,3104,31,1
0,3,2,0,4,2,4,0,3,1,2,2,0,3,1,1,0,24,6313,41,1
0,3,4,1,2,2,4,0,1,1,2,2,0,2,0,0,0,12,1262,25,1
1,3,1,1,1,2,4,0,1,0,2,0,0,3,0,1,0,9,1422,27,0
1,3,5,0,2,3,1,0,1,1,2,1,0,2,0,0,0,15,1275,24,0
0,3,2,0,2,0,4,0,2,1,2,2,0,2,0,0,0,21,5248,26,1
2,2,2,2,4,2,2,0,3,1,0,2,1,2,0,1,0,20,6148,31,1
0,3,1,1,2,2,1,0,2,3,2,1,0,2,0,0,0,27,2570,21,0
2,3,3,1,1,0,1,0,1,1,2,2,0,2,0,1,0,48,9960,26,0
1,1,2,1,4,3,4,0,3,0,2,0,1,2,0,1,0,48,6331,46,0
3,3,3,1,2,0,1,0,1,1,2,2,0,1,0,0,0,12,2251,46,1
0,1,4,3,2,1,2,0,1,2,2,2,1,1,0,0,0,15,1316,47,1
1,3,1,1,1,1,4,0,2,3,2,2,0,2,0,0,0,15,1721,36,1
0,3,2,1,1,3,1,0,0,0,2,2,0,3,0,1,0,24,2679,29,1
1,3,2,1,2,3,0,0,3,2,2,2,0,3,0,1,0,30,3857,40,1
2,0,1,1,2,1,1,0,1,2,2,1,0,2,0,0,0,36,7432,54,1
1,3,4,1,1,3,1,0,3,3,2,2,0,2,0,1,0,24,2439,35,0
0,3,4,0,4,3,4,0,1,1,2,2,1,2,0,0,0,24,999,25,1
1,3,1,1,2,3,2,0,2,3,2,2,0,1,0,0,0,12,1168,27,1
0,1,1,1,1,3,1,0,0,2,2,2,1,2,0,0,0,18,1055,30,1
2,3,4,1,1,1,4,0,0,1,1,2,0,2,0,0,0,12,1331,22,0
3,1,10,4,2,1,0,0,3,3,2,2,1,2,0,1,0,24,1275,36,1
2,1,10,0,2,3,2,0,3,3,0,2,1,2,0,0,0,18,1887,28,1
3,3,4,2,4,3,1,0,1,0,2,0,0,2,0,1,0,24,1377,47,1
0,3,2,3,2,3,4,0,3,1,2,2,0,2,0,0,0,39,2569,24,1
3,3,4,1,2,2,2,0,0,1,2,2,0,2,0,0,0,12,3016,24,1
1,1,7,1,2,2,1,0,1,0,2,2,1,3,0,1,0,36,8065,25,0
2,1,0,1,2,1,4,1,2,1,2,2,1,3,1,1,0,24,11938,39,0
2,0,4,2,3,2,1,0,1,2,2,1,1,2,0,1,0,24,1553,23,1
0,3,10,1,3,2,1,0,1,1,2,2,1,2,0,0,0,9,1449,27,1
2,3,4,1,2,1,1,0,1,3,2,2,0,2,0,0,0,48,5951,22,0
2,3,4,1,1,3,2,0,2,1,2,1,0,3,0,1,0,6,2063,30,1
3,3,1,2,2,0,1,0,0,1,0,2,0,3,0,1,0,21,2923,28,1
1,4,4,1,3,3,4,2,3,1,0,1,0,1,0,0,0,24,1546,24,0
0,3,4,0,1,0,1,0,0,1,2,2,1,2,0,1,0,24,5943,44,0
1,1,2,1,4,2,4,0,3,0,2,0,2,3,1,1,0,30,10623,38,1
3,3,3,1,1,3,1,0,0,2,0,2,0,3,0,1,0,12,1474,33,1
1,3,1,0,2,3,1,0,3,3,2,1,0,2,0,0,0,24,1371,25,0
0,3,4,1,2,3,2,0,1,2,2,2,0,2,0,0,0,24,1413,28,1
0,1,4,4,2,3,4,0,2,3,2,2,1,2,0,0,0,18,1149,46,1
1,3,1,1,3,1,4,1,2,2,2,2,0,2,0,1,0,24,4817,31,0
0,1,2,1,3,2,4,0,0,1,2,2,1,2,0,0,0,18,3850,27,1
1,1,2,1,4,3,4,0,2,3,2,2,0,2,0,0,0,12,1409,54,1
2,3,3,1,2,3,0,0,1,1,2,2,0,1,0,0,0,10,1521,31,1
0,1,3,4,3,2,1,0,1,2,2,2,0,2,0,0,1,12,1592,35,1
2,0,10,0,2,3,4,0,1,2,0,2,1,3,0,1,0,24,4712,37,1
0,1,4,1,2,3,1,0,1,1,2,2,0,1,0,0,0,15,1459,43,1
0,1,1,1,3,3,4,0,3,1,2,2,1,2,0,1,0,36,3535,37,1
0,3,4,1,3,2,4,0,1,2,2,2,0,2,1,0,0,6,1595,51,1
1,1,1,1,4,3,4,0,3,1,2,2,1,1,0,0,0,24,1199,60,0
1,4,3,1,4,3,4,0,3,1,0,2,0,2,0,0,0,36,2746,31,0
2,3,4,1,1,0,1,2,0,3,2,2,0,2,0,0,0,7,2329,45,1
2,1,3,1,0,3,4,0,3,2,1,2,1,3,0,1,0,18,7374,40,1
2,3,4,1,3,3,4,0,3,3,2,2,1,2,0,0,0,48,3060,28,0
1,3,3,1,0,3,1,0,1,1,2,2,0,2,0,0,0,18,1131,33,0
1,3,3,1,3,3,4,0,1,2,2,2,0,2,0,0,0,36,5179,29,0
1,3,4,0,3,1,2,0,3,1,2,1,1,1,0,0,0,18,1936,23,1
1,2,3,1,2,1,0,2,1,3,2,2,1,2,0,0,0,30,4583,32,1
1,3,0,1,0,1,0,1,2,1,2,2,0,3,0,0,0,36,15857,43,1
0,1,1,3,2,3,4,0,3,3,2,2,0,2,0,1,0,12,1163,44,1
2,1,3,1,3,1,4,0,1,2,2,2,0,2,0,0,0,30,8386,49,0
1,3,1,1,1,3,1,0,3,2,2,1,0,2,0,0,0,24,1207,24,0
1,3,1,1,1,3,1,0,2,1,2,1,0,2,0,1,0,18,1216,23,0
0,1,10,1,2,2,1,0,1,3,2,2,1,2,0,0,0,12,1185,27,1
1,3,1,1,3,1,0,0,2,1,2,2,0,2,0,0,0,12,1372,36,0
2,1,1,4,2,3,1,0,3,1,2,2,1,2,0,0,0,11,1322,40,1
3,0,4,1,1,1,1,0,0,2,0,2,0,2,0,0,0,6,683,29,1
3,1,4,0,3,3,4,0,1,2,2,2,1,2,0,1,0,10,1347,27,1
2,2,3,1,2,0,1,0,3,1,0,2,1,2,0,1,0,18,3244,33,1
2,2,9,1,2,1,4,0,1,3,2,2,0,1,0,1,0,12,1410,31,1
3,3,7,1,4,3,4,0,3,1,2,1,0,3,0,1,0,15,1905,40,1
1,2,3,1,1,0,1,0,3,2,2,1,0,2,0,0,0,18,3114,26,0
0,3,4,0,2,3,4,0,3,0,2,0,0,2,0,1,0,12,2279,37,1
1,3,1,1,3,3,4,0,1,3,2,2,0,2,0,0,0,12,759,26,0
3,3,1,1,4,2,1,0,1,1,2,2,0,3,0,0,0,18,1961,23,1
2,1,4,1,2,3,2,0,1,1,2,2,0,2,0,0,0,18,1245,33,0
1,3,2,0,4,3,4,0,3,0,0,0,0,2,1,1,0,24,2964,49,1
0,3,9,0,3,3,1,0,2,2,2,2,0,2,0,1,0,10,894,40,1
1,3,1,1,1,2,1,0,0,3,2,2,0,1,0,0,0,12,1274,37,0
2,3,1,1,2,3,1,2,1,0,0,2,0,2,0,0,0,30,2150,24,0
1,3,4,3,2,1,4,0,2,3,2,1,0,2,1,0,0,6,2647,44,1
2,3,1,1,3,1,2,0,2,1,0,2,0,1,0,0,0,12,685,25,0
0,3,4,1,1,2,4,0,1,1,2,2,0,2,0,1,0,18,4594,32,1
0,1,4,2,4,2,4,0,3,3,2,2,0,2,1,1,0,24,2872,36,1
0,1,4,1,2,1,1,0,1,1,2,2,1,2,0,0,0,18,2404,26,1
1,1,4,4,4,3,1,0,3,2,2,1,1,3,0,1,0,24,1231,57,1
2,2,10,2,3,3,4,0,3,0,2,0,0,1,1,0,0,48,3844,34,0
0,1,4,1,2,1,1,0,0,1,2,2,1,2,0,0,0,18,2238,25,1
1,3,1,1,3,1,4,0,0,1,2,2,0,2,0,1,0,36,9271,24,0
0,3,1,3,2,2,4,0,1,0,2,1,0,1,1,0,1,10,1597,40,1
2,2,10,1,4,1,1,0,3,0,2,0,1,3,0,1,0,27,8318,42,0
2,3,10,1,4,0,4,1,0,3,0,2,0,3,0,1,0,18,4439,33,1
0,1,4,1,4,1,4,0,3,3,2,2,1,1,0,1,0,12,1655,63,1
2,3,3,1,2,2,1,0,3,3,2,2,0,2,0,0,0,8,1237,24,0
1,3,1,0,2,3,2,0,1,1,2,2,0,2,0,0,0,12,900,23,0
2,3,1,0,3,0,1,0,1,1,2,2,0,2,0,0,0,48,8487,24,1
2,0,3,1,0,3,4,0,0,2,1,2,1,3,0,1,0,6,1050,35,1
3,1,1,1,4,0,4,0,3,3,2,2,1,2,1,0,1,6,1343,46,1
2,0,2,0,3,2,4,0,3,2,0,1,1,3,1,1,0,20,7057,36,1
0,1,3,1,1,0,1,0,2,3,2,1,1,2,0,0,0,10,2146,23,1
2,3,7,2,2,0,4,0,3,0,2,0,0,2,1,1,0,36,12612,47,0
1,3,5,1,1,3,1,0,0,3,2,2,0,2,0,0,0,6,343,27,1
1,1,2,1,0,1,4,0,3,0,2,0,1,3,0,1,0,24,6615,75,1
0,1,4,0,4,3,4,0,1,1,2,2,0,2,0,1,0,36,3342,51,1
1,0,4,1,1,3,1,0,1,1,2,1,0,1,0,1,0,24,1659,29,0
0,1,2,1,4,3,1,0,1,1,2,1,1,3,0,1,0,24,3868,41,1
0,0,3,1,3,3,1,0,0,3,2,2,0,2,0,0,0,18,1808,22,0
0,1,1,1,2,3,4,0,3,1,2,2,2,2,0,1,0,9,2134,48,1
0,3,3,3,2,3,1,0,3,1,2,1,0,1,0,0,0,12,1123,29,0
0,1,4,0,4,3,4,0,1,2,2,1,1,1,0,1,0,7,730,46,1
0,4,1,1,4,1,4,0,3,0,0,2,1,3,1,1,0,18,6458,39,0
0,3,1,0,3,3,4,0,2,2,2,2,0,2,0,0,1,18,2662,32,1
0,1,2,4,2,3,4,0,1,3,2,2,1,2,0,0,0,24,5804,27,1
2,3,4,0,2,1,2,0,0,3,2,2,0,2,0,1,0,12,1484,25,0
0,0,4,1,2,2,1,0,1,3,2,2,0,2,0,0,0,6,932,24,1
